ORL/s1/1.bmp;0
ORL/s1/10.bmp;0
ORL/s1/2.bmp;0
ORL/s1/3.bmp;0
ORL/s1/4.bmp;0
ORL/s1/5.bmp;0
ORL/s1/6.bmp;0
ORL/s1/7.bmp;0
ORL/s1/8.bmp;0
ORL/s1/9.bmp;0
ORL/s10/1.bmp;1
ORL/s10/10.bmp;1
ORL/s10/2.bmp;1
ORL/s10/3.bmp;1
ORL/s10/4.bmp;1
ORL/s10/5.bmp;1
ORL/s10/6.bmp;1
ORL/s10/7.bmp;1
ORL/s10/8.bmp;1
ORL/s10/9.bmp;1
ORL/s11/1.bmp;2
ORL/s11/10.bmp;2
ORL/s11/2.bmp;2
ORL/s11/3.bmp;2
ORL/s11/4.bmp;2
ORL/s11/5.bmp;2
ORL/s11/6.bmp;2
ORL/s11/7.bmp;2
ORL/s11/8.bmp;2
ORL/s11/9.bmp;2
ORL/s12/1.bmp;3
ORL/s12/10.bmp;3
ORL/s12/2.bmp;3
ORL/s12/3.bmp;3
ORL/s12/4.bmp;3
ORL/s12/5.bmp;3
ORL/s12/6.bmp;3
ORL/s12/7.bmp;3
ORL/s12/8.bmp;3
ORL/s12/9.bmp;3
ORL/s13/1.bmp;4
ORL/s13/10.bmp;4
ORL/s13/2.bmp;4
ORL/s13/3.bmp;4
ORL/s13/4.bmp;4
ORL/s13/5.bmp;4
ORL/s13/6.bmp;4
ORL/s13/7.bmp;4
ORL/s13/8.bmp;4
ORL/s13/9.bmp;4
ORL/s14/1.bmp;5
ORL/s14/10.bmp;5
ORL/s14/2.bmp;5
ORL/s14/3.bmp;5
ORL/s14/4.bmp;5
ORL/s14/5.bmp;5
ORL/s14/6.bmp;5
ORL/s14/7.bmp;5
ORL/s14/8.bmp;5
ORL/s14/9.bmp;5
ORL/s15/1.bmp;6
ORL/s15/10.bmp;6
ORL/s15/2.bmp;6
ORL/s15/3.bmp;6
ORL/s15/4.bmp;6
ORL/s15/5.bmp;6
ORL/s15/6.bmp;6
ORL/s15/7.bmp;6
ORL/s15/8.bmp;6
ORL/s15/9.bmp;6
ORL/s16/1.bmp;7
ORL/s16/10.bmp;7
ORL/s16/2.bmp;7
ORL/s16/3.bmp;7
ORL/s16/4.bmp;7
ORL/s16/5.bmp;7
ORL/s16/6.bmp;7
ORL/s16/7.bmp;7
ORL/s16/8.bmp;7
ORL/s16/9.bmp;7
ORL/s17/1.bmp;8
ORL/s17/10.bmp;8
ORL/s17/2.bmp;8
ORL/s17/3.bmp;8
ORL/s17/4.bmp;8
ORL/s17/5.bmp;8
ORL/s17/6.bmp;8
ORL/s17/7.bmp;8
ORL/s17/8.bmp;8
ORL/s17/9.bmp;8
ORL/s18/1.bmp;9
ORL/s18/10.bmp;9
ORL/s18/2.bmp;9
ORL/s18/3.bmp;9
ORL/s18/4.bmp;9
ORL/s18/5.bmp;9
ORL/s18/6.bmp;9
ORL/s18/7.bmp;9
ORL/s18/8.bmp;9
ORL/s18/9.bmp;9
ORL/s19/1.bmp;10
ORL/s19/10.bmp;10
ORL/s19/2.bmp;10
ORL/s19/3.bmp;10
ORL/s19/4.bmp;10
ORL/s19/5.bmp;10
ORL/s19/6.bmp;10
ORL/s19/7.bmp;10
ORL/s19/8.bmp;10
ORL/s19/9.bmp;10
ORL/s2/1.bmp;11
ORL/s2/10.bmp;11
ORL/s2/2.bmp;11
ORL/s2/3.bmp;11
ORL/s2/4.bmp;11
ORL/s2/5.bmp;11
ORL/s2/6.bmp;11
ORL/s2/7.bmp;11
ORL/s2/8.bmp;11
ORL/s2/9.bmp;11
ORL/s20/1.bmp;12
ORL/s20/10.bmp;12
ORL/s20/2.bmp;12
ORL/s20/3.bmp;12
ORL/s20/4.bmp;12
ORL/s20/5.bmp;12
ORL/s20/6.bmp;12
ORL/s20/7.bmp;12
ORL/s20/8.bmp;12
ORL/s20/9.bmp;12
ORL/s21/1.bmp;13
ORL/s21/10.bmp;13
ORL/s21/2.bmp;13
ORL/s21/3.bmp;13
ORL/s21/4.bmp;13
ORL/s21/5.bmp;13
ORL/s21/6.bmp;13
ORL/s21/7.bmp;13
ORL/s21/8.bmp;13
ORL/s21/9.bmp;13
ORL/s22/1.bmp;14
ORL/s22/10.bmp;14
ORL/s22/2.bmp;14
ORL/s22/3.bmp;14
ORL/s22/4.bmp;14
ORL/s22/5.bmp;14
ORL/s22/6.bmp;14
ORL/s22/7.bmp;14
ORL/s22/8.bmp;14
ORL/s22/9.bmp;14
ORL/s23/1.bmp;15
ORL/s23/10.bmp;15
ORL/s23/2.bmp;15
ORL/s23/3.bmp;15
ORL/s23/4.bmp;15
ORL/s23/5.bmp;15
ORL/s23/6.bmp;15
ORL/s23/7.bmp;15
ORL/s23/8.bmp;15
ORL/s23/9.bmp;15
ORL/s24/1.bmp;16
ORL/s24/10.bmp;16
ORL/s24/2.bmp;16
ORL/s24/3.bmp;16
ORL/s24/4.bmp;16
ORL/s24/5.bmp;16
ORL/s24/6.bmp;16
ORL/s24/7.bmp;16
ORL/s24/8.bmp;16
ORL/s24/9.bmp;16
ORL/s25/1.bmp;17
ORL/s25/10.bmp;17
ORL/s25/2.bmp;17
ORL/s25/3.bmp;17
ORL/s25/4.bmp;17
ORL/s25/5.bmp;17
ORL/s25/6.bmp;17
ORL/s25/7.bmp;17
ORL/s25/8.bmp;17
ORL/s25/9.bmp;17
ORL/s26/1.bmp;18
ORL/s26/10.bmp;18
ORL/s26/2.bmp;18
ORL/s26/3.bmp;18
ORL/s26/4.bmp;18
ORL/s26/5.bmp;18
ORL/s26/6.bmp;18
ORL/s26/7.bmp;18
ORL/s26/8.bmp;18
ORL/s26/9.bmp;18
ORL/s27/1.bmp;19
ORL/s27/10.bmp;19
ORL/s27/2.bmp;19
ORL/s27/3.bmp;19
ORL/s27/4.bmp;19
ORL/s27/5.bmp;19
ORL/s27/6.bmp;19
ORL/s27/7.bmp;19
ORL/s27/8.bmp;19
ORL/s27/9.bmp;19
ORL/s28/1.bmp;20
ORL/s28/10.bmp;20
ORL/s28/2.bmp;20
ORL/s28/3.bmp;20
ORL/s28/4.bmp;20
ORL/s28/5.bmp;20
ORL/s28/6.bmp;20
ORL/s28/7.bmp;20
ORL/s28/8.bmp;20
ORL/s28/9.bmp;20
ORL/s29/1.bmp;21
ORL/s29/10.bmp;21
ORL/s29/2.bmp;21
ORL/s29/3.bmp;21
ORL/s29/4.bmp;21
ORL/s29/5.bmp;21
ORL/s29/6.bmp;21
ORL/s29/7.bmp;21
ORL/s29/8.bmp;21
ORL/s29/9.bmp;21
ORL/s3/1.bmp;22
ORL/s3/10.bmp;22
ORL/s3/2.bmp;22
ORL/s3/3.bmp;22
ORL/s3/4.bmp;22
ORL/s3/5.bmp;22
ORL/s3/6.bmp;22
ORL/s3/7.bmp;22
ORL/s3/8.bmp;22
ORL/s3/9.bmp;22
ORL/s30/1.bmp;23
ORL/s30/10.bmp;23
ORL/s30/2.bmp;23
ORL/s30/3.bmp;23
ORL/s30/4.bmp;23
ORL/s30/5.bmp;23
ORL/s30/6.bmp;23
ORL/s30/7.bmp;23
ORL/s30/8.bmp;23
ORL/s30/9.bmp;23
ORL/s31/1.bmp;24
ORL/s31/10.bmp;24
ORL/s31/2.bmp;24
ORL/s31/3.bmp;24
ORL/s31/4.bmp;24
ORL/s31/5.bmp;24
ORL/s31/6.bmp;24
ORL/s31/7.bmp;24
ORL/s31/8.bmp;24
ORL/s31/9.bmp;24
ORL/s32/1.bmp;25
ORL/s32/10.bmp;25
ORL/s32/2.bmp;25
ORL/s32/3.bmp;25
ORL/s32/4.bmp;25
ORL/s32/5.bmp;25
ORL/s32/6.bmp;25
ORL/s32/7.bmp;25
ORL/s32/8.bmp;25
ORL/s32/9.bmp;25
ORL/s33/1.bmp;26
ORL/s33/10.bmp;26
ORL/s33/2.bmp;26
ORL/s33/3.bmp;26
ORL/s33/4.bmp;26
ORL/s33/5.bmp;26
ORL/s33/6.bmp;26
ORL/s33/7.bmp;26
ORL/s33/8.bmp;26
ORL/s33/9.bmp;26
ORL/s34/1.bmp;27
ORL/s34/10.bmp;27
ORL/s34/2.bmp;27
ORL/s34/3.bmp;27
ORL/s34/4.bmp;27
ORL/s34/5.bmp;27
ORL/s34/6.bmp;27
ORL/s34/7.bmp;27
ORL/s34/8.bmp;27
ORL/s34/9.bmp;27
ORL/s35/1.bmp;28
ORL/s35/10.bmp;28
ORL/s35/2.bmp;28
ORL/s35/3.bmp;28
ORL/s35/4.bmp;28
ORL/s35/5.bmp;28
ORL/s35/6.bmp;28
ORL/s35/7.bmp;28
ORL/s35/8.bmp;28
ORL/s35/9.bmp;28
ORL/s36/1.bmp;29
ORL/s36/10.bmp;29
ORL/s36/2.bmp;29
ORL/s36/3.bmp;29
ORL/s36/4.bmp;29
ORL/s36/5.bmp;29
ORL/s36/6.bmp;29
ORL/s36/7.bmp;29
ORL/s36/8.bmp;29
ORL/s36/9.bmp;29
ORL/s37/1.bmp;30
ORL/s37/10.bmp;30
ORL/s37/2.bmp;30
ORL/s37/3.bmp;30
ORL/s37/4.bmp;30
ORL/s37/5.bmp;30
ORL/s37/6.bmp;30
ORL/s37/7.bmp;30
ORL/s37/8.bmp;30
ORL/s37/9.bmp;30
ORL/s38/1.bmp;31
ORL/s38/10.bmp;31
ORL/s38/2.bmp;31
ORL/s38/3.bmp;31
ORL/s38/4.bmp;31
ORL/s38/5.bmp;31
ORL/s38/6.bmp;31
ORL/s38/7.bmp;31
ORL/s38/8.bmp;31
ORL/s38/9.bmp;31
ORL/s39/1.bmp;32
ORL/s39/10.bmp;32
ORL/s39/2.bmp;32
ORL/s39/3.bmp;32
ORL/s39/4.bmp;32
ORL/s39/5.bmp;32
ORL/s39/6.bmp;32
ORL/s39/7.bmp;32
ORL/s39/8.bmp;32
ORL/s39/9.bmp;32
ORL/s4/1.bmp;33
ORL/s4/10.bmp;33
ORL/s4/2.bmp;33
ORL/s4/3.bmp;33
ORL/s4/4.bmp;33
ORL/s4/5.bmp;33
ORL/s4/6.bmp;33
ORL/s4/7.bmp;33
ORL/s4/8.bmp;33
ORL/s4/9.bmp;33
ORL/s40/1.bmp;34
ORL/s40/10.bmp;34
ORL/s40/2.bmp;34
ORL/s40/3.bmp;34
ORL/s40/4.bmp;34
ORL/s40/5.bmp;34
ORL/s40/6.bmp;34
ORL/s40/7.bmp;34
ORL/s40/8.bmp;34
ORL/s40/9.bmp;34
ORL/s5/1.bmp;35
ORL/s5/10.bmp;35
ORL/s5/2.bmp;35
ORL/s5/3.bmp;35
ORL/s5/4.bmp;35
ORL/s5/5.bmp;35
ORL/s5/6.bmp;35
ORL/s5/7.bmp;35
ORL/s5/8.bmp;35
ORL/s5/9.bmp;35
ORL/s6/1.bmp;36
ORL/s6/10.bmp;36
ORL/s6/2.bmp;36
ORL/s6/3.bmp;36
ORL/s6/4.bmp;36
ORL/s6/5.bmp;36
ORL/s6/6.bmp;36
ORL/s6/7.bmp;36
ORL/s6/8.bmp;36
ORL/s6/9.bmp;36
ORL/s7/1.bmp;37
ORL/s7/10.bmp;37
ORL/s7/2.bmp;37
ORL/s7/3.bmp;37
ORL/s7/4.bmp;37
ORL/s7/5.bmp;37
ORL/s7/6.bmp;37
ORL/s7/7.bmp;37
ORL/s7/8.bmp;37
ORL/s7/9.bmp;37
ORL/s8/1.bmp;38
ORL/s8/10.bmp;38
ORL/s8/2.bmp;38
ORL/s8/3.bmp;38
ORL/s8/4.bmp;38
ORL/s8/5.bmp;38
ORL/s8/6.bmp;38
ORL/s8/7.bmp;38
ORL/s8/8.bmp;38
ORL/s8/9.bmp;38
ORL/s9/1.bmp;39
ORL/s9/10.bmp;39
ORL/s9/2.bmp;39
ORL/s9/3.bmp;39
ORL/s9/4.bmp;39
ORL/s9/5.bmp;39
ORL/s9/6.bmp;39
ORL/s9/7.bmp;39
ORL/s9/8.bmp;39
ORL/s9/9.bmp;39